<!DOCTYPE hibernate-configuration PUBLIC
"-//Hibernate/Hibernate Configuration DTD 3.0//EN"
"http://hibernate.sourceforge.net/hibernate-configuration-3.0.dtd">
<hibernate-configuration>
<session-factory>
<property name="connection.driver_class">com.mysql.jdbc.Driver</property>
<property name="connection.url">jdbc:mysql://localhost:3306/hiberdb</property>
<property name="connection.username">root</property>
<property name="dialect">org.hibernate.dialect.MySQLDialect</property>
<property name="hbm2ddl.auto">create</property>
<property name="show_sql">true</property>
<mapping class="model.Emp"></mapping>
</session-factory>

</hibernate-configuration>